id,PRICE VAR [%]
1,40.532944
2,64.502846
3,8.421156
4,88.99201
5,44.86458
6,11.28526
7,7.910118
8,20.564596
9,3.8413956
10,9.845733
11,12.52778
12,3.308254
13,24.468994
14,12.741912
15,15.373826
16,22.029142
17,44.36489
18,55.988758
19,10.625407
20,25.355541
21,61.011726
22,86.183014
23,6.4344425
24,67.54066
25,10.993841
26,106.66329
27,10.984077
28,7.170679
29,35.70634
30,23.388906
31,5.54517
32,120.78573
33,23.477188
34,15.911795
35,13.613313
36,59.816845
37,10.17363
38,36.168716
39,147.02617
40,3.308254
41,37.068935
42,100.786026
43,39.718243
44,95.509636
45,5.007271
46,5.7882996
47,10.539222
48,64.74114
49,16.140133
50,9.325459
51,7.2656536
52,7.3021555
53,26.35158
54,42.41595
55,11.264381
56,57.53819
57,9.252843
58,11.888891
59,8.593254
60,4.89853
61,8.729674
62,53.70692
63,8.411314
64,11.928268
65,32.377655
66,27.783098
67,6.363764
68,81.52108
69,10.510302
70,7.380045
71,12.943329
72,5.8496256
73,37.525063
74,12.59373
75,9.521458
76,12.555091
77,7.0574713
78,4.025984
79,73.44203
80,74.05292
81,35.285698
82,61.728138
83,66.51994
84,103.52999
85,24.15946
86,11.563306
87,48.029133
88,11.132134
89,78.7667
90,42.33819
91,101.41877
92,17.459913
93,83.02055
94,7.879632
95,39.696384
96,4.48265
97,86.74291
98,8.662184
99,41.426773
100,92.4391
101,9.09991
102,72.367775
103,13.195935
104,12.598137
105,4.2668076
106,118.50141
107,40.889973
108,48.04046
109,8.501503
110,10.841968
111,52.758804
112,15.960903
113,35.295345
114,14.51543
115,7.406254
116,114.54575
117,75.77728
118,3.308254
119,86.08859
120,3.308254
121,54.690292
122,4.159837
123,68.91482
124,3.308254
125,66.14087
126,7.317973
127,20.604565
128,75.83326
129,51.04723
130,10.629001
131,70.1188
132,18.037909
133,8.873422
134,86.31296
135,13.332071
136,3.308254
137,6.9497013
138,15.510539
139,31.58434
140,13.666889
141,98.123116
142,45.742283
143,27.679882
144,56.24144
145,20.676142
146,7.7775135
147,14.601922
148,34.142117
149,9.409907
150,91.30618
151,62.608223
152,23.97142
153,33.169655
154,14.44742
155,3.308254
156,10.794151
157,29.09039
158,14.603712
159,9.070774
160,99.50331
161,76.85309
162,14.895226
163,3.308254
164,35.55187
165,15.1120205
166,16.84687
167,49.68317
168,4.4240146
169,17.497084
170,9.386943
171,65.226295
172,11.382909
173,7.0981693
174,29.52359
175,63.105476
176,3.4461577
177,51.014114
178,49.642376
179,72.83315
180,10.583648
181,72.38809
182,11.680047
183,5.5565224
184,67.37594
185,88.264984
186,30.226002
187,8.610493
188,60.06568
189,63.68338
190,3.308254
191,20.932972
192,5.582238
193,35.924725
194,73.73953
195,20.319855
196,75.2472
197,7.5857525
198,17.905598
199,12.106864
200,10.714504
201,65.13048
202,7.7231894
203,109.679016
204,12.732819
205,4.896969
206,13.581785
207,15.494896
208,84.16815
209,49.864716
210,56.63066
211,14.689927
212,48.572533
213,10.967179
214,15.879681
215,81.70789
216,6.2526054
217,72.20741
218,84.81337
219,64.33395
220,27.694347
221,37.403576
222,87.88951
223,10.243855
224,9.321235
225,14.508525
226,10.446163
227,10.5268545
228,13.746677
229,60.56148
230,27.694407
231,5.5916204
232,50.15032
233,11.679754
234,35.34467
235,95.78753
236,40.426624
237,16.007595
238,60.512535
239,7.0671053
240,22.872591
241,92.39943
242,97.56606
243,57.584007
244,56.223038
245,13.76472
246,47.83219
247,4.927147
248,252.79657
249,81.91426
250,43.65073
251,1120.223
252,10.622835
253,36.70608
254,40.061172
255,13.23966
256,9.868151
257,8.694051
258,9.360633
259,19.000223
260,7.3060875
261,5.091055
262,13.904486
263,53.789886
264,41.384254
265,6.043477
266,25.35118
267,66.727005
268,10.553069
269,33.043873
270,5.6276245
271,35.87407
272,7.6563635
273,34.864716
274,83.6483
275,12.525335
276,50.472225
277,54.387115
278,37.086887
279,15.608348
280,6.8517323
281,27.121939
282,55.0605
283,44.053432
284,61.909714
285,8.033051
286,66.34714
287,14.907002
288,3.308254
289,51.310223
290,66.75681
291,68.55064
292,82.60844
293,57.487473
294,49.442574
295,23.43493
296,4.018368
297,14.852304
298,54.6046
299,43.247776
300,58.460125
301,62.49049
302,10.438048
303,86.58111
304,43.412766
305,28.723312
306,63.619827
307,70.08033
308,11.891329
309,29.881996
310,5.109965
311,6.8318663
312,8.207191
313,78.78325
314,6.852338
315,11.924163
316,7.944481
317,16.555859
318,51.073
319,26.17245
320,71.89497
321,55.823746
322,16.191784
323,59.720146
324,5.8888464
325,91.20866
326,46.84463
327,93.11264
328,16.045856
329,48.52235
330,90.11864
331,3.308254
332,11.824322
333,3.308254
334,9.510569
335,101.3458
336,12.49829
337,56.189693
338,13.870742
339,3.308254
340,16.133883
341,11.684532
342,38.192394
343,14.652348
344,79.92992
345,56.21718
346,77.53873
347,29.591228
348,82.21734
349,35.10748
350,38.182037
351,28.583073
352,9.474176
353,61.77961
354,6.6506367
355,7.7901516
356,8.372082
357,19.249676
358,9.544579
359,26.402605
360,109.96207
361,28.047512
362,35.44856
363,9.363351
364,89.40703
365,73.643364
366,58.965374
367,6.3254213
368,14.670329
369,83.2867
370,43.79517
371,5.086939
372,15.236195
373,14.8971195
374,3.308254
375,10.467255
376,17.101645
377,8.284896
378,83.53759
379,43.18261
380,23.989784
381,10.53328
382,34.908516
383,115.2352
384,3.308254
385,66.802315
386,31.709806
387,52.672962
388,25.721426
389,7.7721395
390,10.531353
391,16.25424
392,3.308254
393,11.590726
394,18.494177
395,7.04288
396,123.071556
397,49.79794
398,24.051737
399,70.83472
400,16.849335
401,12.51043
402,3.6448088
403,42.87322
404,11.566242
405,17.203388
406,51.39607
407,113.03818
408,22.18126
409,90.28333
410,88.31805
411,13.117428
412,16.06609
413,83.26408
414,18.01798
415,26.771267
416,32.4528
417,58.093193
418,11.986962
419,79.256775
420,73.76788
421,13.590709
422,88.8668
423,16.995377
424,79.804405
425,40.068386
426,47.37813
427,96.61741
428,103.80984
429,6.8484554
430,12.634586
431,3.742569
432,30.591692
433,6.433654
434,13.5836525
435,109.161125
436,57.97819
437,47.376873
438,10.470884
439,7.433981
440,58.36424
441,37.247585
442,36.710117
443,38.481495
444,12.817976
445,15.426055
446,34.603134
447,76.55721
448,13.758695
449,71.25874
450,10.466121
451,3.308254
452,95.80097
453,78.34377
454,6.8588276
455,13.349306
456,3.308254
457,10.408068
458,44.69598
459,14.034843
460,12.675608
461,71.23534
462,13.425184
463,6.290578
464,9.54121
465,13.517963
466,7.959112
467,75.22491
468,9.847324
469,78.762375
470,8.122455
471,10.0382395
472,3.982239
473,51.17221
474,99.58608
475,11.66403
476,14.372949
477,167.59903
478,54.041656
479,18.270851
480,8.977996
481,23.240747
482,18.390615
483,42.227055
484,11.969082
485,33.381233
486,7.325967
487,57.383705
488,28.868166
489,34.90577
490,3.308254
491,6.62294
492,49.978855
493,14.633242
494,12.532609
495,11.814685
496,19.58581
497,7.1223
498,3.308254
499,19.4009
500,13.0016575
501,23.653831
502,10.6474285
503,89.02005
504,60.321335
505,7.4884596
506,108.63128
507,5.3294973
508,44.94172
509,14.089256
510,64.76347
511,75.69641
512,43.401505
513,3.8689146
514,54.67959
515,16.775545
516,7.4395676
517,55.664375
518,17.316172
519,18.611717
520,33.25196
521,39.381924
522,3.308254
523,21.904016
524,80.89461
525,8.016071
526,46.11507
527,98.667305
528,19.45148
529,80.58403
530,15.945494
531,88.39015
532,60.99323
533,3.308254
534,8.009534
535,12.046894
536,23.22258
537,11.528507
538,23.215036
539,7.680258
540,52.83679
541,9.017151
542,50.827026
543,5.7639484
544,3.308254
545,12.2734585
546,11.394921
547,34.110214
548,10.747897
549,55.404938
550,10.230424
551,5.764245
552,8.78889
553,10.165488
554,8.5231695
555,92.9455
556,130.64346
557,51.385216
558,67.79441
559,27.567015
560,24.80393
561,15.84728
562,75.60205
563,43.3754
564,7.395116
565,42.22083
566,23.643572
567,11.04478
568,12.271774
569,7.926669
570,3.308254
571,86.02212
572,10.628288
573,23.494322
574,65.378716
575,72.164314
576,70.216255
577,110.41923
578,52.727478
579,9.069968
580,58.454426
581,12.639094
582,62.028675
583,70.346695
584,6.0542927
585,9.014672
586,30.692608
587,10.071261
588,4.1987853
589,3.7270014
590,83.16842
591,13.144223
592,12.96388
593,49.124382
594,52.11929
595,33.74355
596,36.014988
597,70.38313
598,65.95854
599,60.279984
600,15.452303
601,13.630562
602,75.2158
603,18.225346
604,15.223644
605,5.9615345
606,46.076546
607,7.6643143
608,10.835015
609,58.88345
610,146.3437
611,50.505386
612,46.58359
613,61.719807
614,10.12831
615,14.71124
616,13.426231
617,7.803212
618,65.564415
619,113.01083
620,12.377403
621,28.549355
622,55.02231
623,10.641822
624,70.374176
625,4.4556313
626,45.27684
627,89.83129
628,39.369946
629,10.738302
630,89.288956
631,36.459927
632,43.34786
633,5.4064274
634,14.956192
635,22.02904
636,47.3729
637,15.651644
638,3.308254
639,62.173016
640,55.127583
641,59.485348
642,100.08275
643,58.758404
644,25.363464
645,9.307984
646,65.89765
647,8.643132
648,83.29209
649,12.307645
650,47.399445
651,20.296505
652,10.064929
653,18.86466
654,26.155836
655,54.476242
656,78.3138
657,4.641132
658,78.4504
659,73.55087
660,33.88085
661,20.843548
662,77.825386
663,7.142231
664,76.233574
665,7.492568
666,12.804594
667,58.014233
668,3.308254
669,7.552268
670,6.63754
671,20.903572
672,83.28223
673,15.043045
674,7.471298
675,38747.81
676,70.905266
677,4.955548
678,24.929306
679,5.200886
680,30.171705
681,43.576637
682,13.720935
683,11.428265
684,18.57363
685,99.76957
686,32.408596
687,15.801831
688,78.73824
689,7.4925365
690,18.800953
691,9.582966
692,28.87721
693,8.97621
694,7.2501383
695,96.69896
696,16.381947
697,3.308254
698,18.80848
699,17.720797
700,5.816101
701,69.21772
702,3.308254
703,28.927029
704,3.308254
705,9.1747055
706,10.882821
707,13.777175
708,6.104209
709,17.153214
710,93.33959
711,9.757223
712,3.308254
713,19.406202
714,9.159294
715,15.36878
716,32.162064
717,26.03867
718,14.11133
719,40.579887
720,23.380032
721,65.28168
722,9.037385
723,44.471703
724,12.384504
725,3.308254
726,7.7152596
727,77.71189
728,6.265706
729,18.704674
730,41.15376
731,12.962506
732,111.7599
733,67.281296
734,19.249113
735,6.2358694
736,76.15732
737,48.836735
738,10.212767
739,79.22566
740,3.308254
741,7.1404095
742,9.534604
743,54.770054
744,17.1967
745,9.644199
746,8.100716
747,16.231443
748,60.358536
749,8.745648
750,3.308254
751,17.678392
752,104.77443
753,15.176308
754,25.034887
755,11.3126545
756,12.434528
757,16.178293
758,56.03555
759,3.308254
760,40.252472
761,6.4480267
762,7.9890537
763,72.299866
764,7.847666
765,3.308254
766,37.54847
767,3.308254
768,8.3032675
769,8.855857
770,6.4626284
771,8.439642
772,22.700056
773,89.668106
774,17.397287
775,9.962833
776,8.787847
777,11.647005
778,9.714876
779,18.938337
780,8.591815
781,71.43741
782,50.37091
783,12.83032
784,42.270344
785,17.59959
786,68.25457
787,10.680026
788,10.245795
789,11.503791
790,24.778986
791,21.914684
792,77.282906
793,12.945159
794,70.35855
795,67.989815
796,31.217892
797,3.308254
798,66.439384
799,12.409309
800,4.3264427
801,16.845724
802,18.150972
803,61.83435
804,12.082968
805,47.843723
806,63.40813
807,38.10609
808,35.422466
809,48.08711
810,6.2358723
811,17.189686
812,8.420289
813,15.949673
814,10.194173
815,57.654842
816,20.08813
817,12.504319
818,5.9592257
819,129.74384
820,56.048515
821,79.72493
822,3.308254
823,16.75807
824,21.666609
825,13.248672
826,10.767989
827,6.348197
828,10.802877
829,52.018406
830,26.764442
831,4.0433455
832,7.3812437
833,78.668495
834,64.032486
835,11.867124
836,11.66429
837,28.288225
838,8.845467
839,14.4121685
840,13.327109
841,71.15415
842,25.43091
843,67.869835
844,3.897395
845,83.124054
846,82.62684
847,10.256934
848,77.5498
849,78.67805
850,4.9135876
851,64.43679
852,18.594501
853,4.810848
854,73.9146
855,12.080803
856,48.896328
857,36.89512
858,6.8658485
859,77.63938
860,6.649046
861,60.220383
862,47.5267
863,62.97057
864,46.649323
865,14.723634
866,8.483166
867,62.341072
868,4.747484
869,17.673462
870,3.308254
871,86.52249
872,77.409134
873,53.45399
874,150.78946
875,104.70946
876,11.204978
877,5.754508
878,11.242162
879,87.60097
880,63.434223
881,20.887148
882,74.78508
883,5.4644566
884,110.35539
885,94.10341
886,24.03973
887,84.250404
888,13.899259
889,20.922607
890,14.754535
891,15.915064
892,81.530685
893,26.083252
894,12.950179
895,7.960929
896,9.6903
897,17.93342
898,12.959709
899,14.9061985
900,7.9308167
901,3.308254
902,42.979637
903,42.260647
904,15.669597
905,60.02122
906,31.939165
907,22.064486
908,9.849962
909,39.94225
910,15.626626
911,6.1289005
912,4.619187
913,79.80041
914,13.933465
915,39.44337
916,4.0502214
917,59.153614
918,7.9624453
919,71.71649
920,6.4187355
921,79.46037
922,14.94743
923,3.308254
924,93.51338
925,12.607856
926,6.2632627
927,10.329526
928,8.284916
929,89.55301
930,31.944403
931,3.308254
932,87.35268
933,5.9210396
934,84.22575
935,3.308254
936,59.21418
937,58.744
938,6.49609
939,5.897562
940,11.0789385
941,21.896444
942,7.7623863
943,48.005802
944,37.12288
945,97.05685
946,66.855774
947,63.637226
948,45.279366
949,7.986183
950,56.495445
951,10.404917
952,112.61047
953,64.47
954,45.035053
955,14.49101
956,48.11143
957,39.46844
958,10.338063
959,137.2467
960,29.983852
961,19.651001
962,32.00097
963,46.34251
964,6.897523
965,53.490673
966,10.914269
967,16.326859
968,6.040825
969,43.891403
970,7.9858665
971,32.01577
972,42.443775
973,13.983811
974,82.06485
975,9.224163
976,9.265347
977,48.60501
978,30.326735
979,102.85632
980,6.799505
981,10.318842
982,8.076894
983,14.50345
984,14.809566
985,28.587688
986,10.691947
987,52.926228
988,49.762417
989,5.3235598
990,6.636304
991,26.727592
992,93.35608
993,37.272842
994,48.18277
995,94.83556
996,14.757426
997,24.8723
998,74.950554
999,3.308254
1000,3.308254
1001,3.308254
1002,12.82965
1003,3.308254
1004,4.9265347
1005,22.133247
1006,28.961494
1007,41.943943
1008,10.79115
1009,7.898367
1010,32.156685
1011,3.308254
1012,84.34394
1013,70.40614
1014,20.333834
1015,3.308254
1016,37.55428
1017,17.55737
1018,4.6964154
1019,9.570788
1020,66.76003
1021,16.356085
1022,46.087257
1023,103.289055
1024,21.578606
1025,60.685883
1026,3.308254
1027,18.691946
1028,8.69472
1029,40.74867
1030,3.308254
1031,12.4467125
1032,13.198965
1033,25.424076
1034,9.223585
1035,12.763022
1036,72.33176
1037,7.1178293
1038,12.53149
1039,28.40256
1040,28.694294
1041,72.23894
1042,45.12304
1043,30.677212
1044,67.85096
1045,17.12328
1046,7.7438087
1047,51.13336
1048,13.760993
1049,29.140308
1050,20.521198
1051,59.734306
1052,62.869663
1053,55.936028
1054,8.00232
1055,10.989375
1056,21.454361
1057,33.523033
1058,6.550967
1059,48.13558
1060,26.573034
1061,17.479906
1062,5.510128
1063,27.261816
1064,17.31557
1065,4.901227
1066,40.893623
1067,44.10334
1068,12.022174
1069,3.308254
1070,60.76482
1071,8.706896
1072,9.003689
1073,36.387924
1074,26.204645
1075,57.14859
1076,8.930835
1077,42.23596
1078,9.024952
1079,72.64025
1080,6.3358526
1081,11.090019
1082,14.234739
1083,12.817414
1084,39.131374
1085,53.54385
1086,15.238836
1087,63.635372
1088,53.31451
1089,8.771798
1090,12.841285
1091,9.612169
1092,9.731887
1093,78.651184
1094,51.87559
1095,6.543007
1096,9.31405
1097,63.623585
1098,19.37005
1099,84.556725
1100,38.99765
1101,97.47016
1102,12.919837
1103,8.995683
1104,7.305992
1105,57.84571
1106,69.11481
1107,17.006947
1108,3.1814733
1109,37.601078
1110,27.06374
1111,11.429968
1112,22.536179
1113,19.678663
1114,66.75512
1115,21.474684
1116,25.52975
1117,12.063446
1118,19.984781
1119,24.75767
1120,134.68814
1121,13.167888
1122,9.8720455
1123,66.43321
1124,19.788355
1125,9.936656
1126,13.89529
1127,38.107243
1128,40.78276
1129,31.597998
1130,62.722797
1131,18.898775
1132,18.810122
1133,21.51234
1134,38.874043
1135,3.308254
1136,56.474926
1137,91.958046
1138,7.5109854
1139,42.31502
1140,7.5134525
1141,12.035681
1142,74.887405
1143,16.71716
1144,6.7377977
1145,7.0387306
1146,7.061325
1147,14.429952
1148,11.452084
1149,9.80857
1150,72.81339
1151,127.18164
1152,61.22288
1153,103.24995
1154,57.834984
1155,29.508354
1156,17.982214
1157,10.226004
1158,32.120445
1159,6.677127
1160,15.938445
1161,76.251755
1162,8.35494
1163,74.651596
1164,71.801765
1165,34.965343
1166,13.268189
1167,6.5639105
1168,64.14255
1169,20.050547
1170,16.54728
1171,11.437307
1172,11.229945
1173,65.9856
1174,5.6885395
1175,8.6756315
1176,36.536823
1177,30.874168
1178,18.804937
1179,58.690758
1180,41.989304
1181,72.31587
1182,15.354677
1183,11.682115
1184,10.431422
1185,5.7655134
1186,85.06285
1187,50.92141
1188,76.87225
1189,9.577798
1190,69.804405
1191,14.867414
1192,43.32462
1193,90.59899
1194,6.3327675
1195,106.807945
1196,8.137734
1197,8.294507
1198,4.1042433
1199,73.14461
1200,28.4412
1201,55.0184
1202,17.787754
1203,11.467727
1204,54.54073
1205,96.0573
1206,15.669149
1207,48.191998
1208,84.13899
1209,8.393099
1210,3.308254
1211,37.35632
1212,11.410901
1213,71.40039
1214,11.044101
1215,15.329421
1216,75.9458
1217,10.592677
1218,108.159195
1219,10.295632
1220,40.79329
1221,75.62638
1222,18.2281
1223,50.04408
1224,62.93634
1225,3.308254
1226,97.41896
1227,12.580558
1228,10.843504
1229,29.806683
1230,103.573975
1231,5.4733505
1232,43.368595
1233,8.88618
1234,34.277588
1235,27.557125
1236,12.511657
1237,64.2093
1238,20.594093
1239,22.255598
1240,76.28561
1241,16.264355
1242,6.3356886
1243,71.009
1244,17.19767
1245,49.17722
1246,10.798894
1247,79.29054
1248,4.168377
1249,12.952454
1250,13.566643
1251,88.46664
1252,45.073425
1253,3.308254
1254,6.5315237
1255,3.308254
1256,25.05484
1257,7.3660946
1258,15.729402
1259,9.923775
1260,16.830738
1261,51.512463
1262,6.6671953
1263,63.73095
1264,107.177414
1265,82.87226
1266,28.071829
1267,8.789936
1268,106.48551
1269,10.823548
1270,44.3334
1271,9.816787
1272,83.49167
1273,11.542083
1274,61.579235
1275,27.7351
1276,6.312578
1277,82.8456
1278,84.39348
1279,14.794294
1280,7.379524
1281,10.324506
1282,39.41838
1283,10.484438
1284,11.048843
1285,6.905628
1286,4.228136
1287,6.398013
1288,46.06171
1289,12.259861
1290,51.49215
1291,164.60497
1292,22.253115
1293,80.68067
1294,44.77342
1295,48.937767
1296,61.09419
1297,12.597837
1298,3.308254
1299,37.855293
1300,8.963512
1301,6.780382
1302,16.518368
1303,13.683323
1304,41.38605
1305,38.253643
1306,11.740191
1307,12.102552
1308,91.3933
1309,14.193286
1310,10.694312
1311,72.9299
1312,7.600583
1313,84.7691
1314,40.064934
1315,5.3276787
1316,35.016743
1317,73.60447
1318,23.6144
1319,9.815536
1320,11.930948
1321,67.58124
1322,9.088183
1323,18.877268
1324,6.487111
1325,486.9957
1326,27.595098
1327,3.308254
1328,64.81903
1329,13.3874235
1330,6.317169
1331,7.943283
1332,27.7471
1333,11.519274
1334,32.08578
1335,77.10047
1336,53.82373
1337,15.566157
1338,31.354334
1339,24.260334
1340,58.81901
1341,12.961426
1342,111.04436
1343,16.557795
1344,57.017662
1345,24.07289
1346,56.74736
1347,68.34953
1348,54.47711
1349,6.6405687
1350,26.910297
1351,51.52497
1352,8.92992
1353,75.5393
1354,20.181273
1355,50.97379
1356,109.923355
1357,91.580956
1358,15.827224
1359,10.330705
1360,61.205364
1361,5.7743883
1362,6.6800194
1363,8.022046
1364,17.53123
1365,34.341606
1366,4.676183
1367,70.03357
1368,60.5263
1369,63.970222
1370,18.754515
1371,96.901726
1372,3.308254
1373,11.3346405
1374,17.960402
1375,14.485154
1376,11.337151
1377,17.502178
1378,8.79371
1379,43.94496
1380,15.520908
1381,11.3542185
1382,69.35343
1383,25.719267
1384,6.3031635
1385,13.594607
1386,6.651288
1387,9.795785
1388,51.97039
1389,12.201451
1390,39.693108
1391,26.251247
1392,3.308254
1393,3.308254
1394,97.14174
1395,27.41045
1396,13.79878
1397,60.661213
1398,84.26749
1399,127.16855
1400,25.56302
1401,43.36414
1402,76.96605
1403,3.308254
1404,32.546413
1405,49.906967
1406,10.8033905
1407,31.06436
1408,10.027582
1409,17.577347
1410,81.47596
1411,57.368168
1412,3.308254
1413,33.883175
1414,62.103924
1415,62.28909
1416,33.488323
1417,3.811388
1418,15.68948
1419,39.427258
1420,21.987707
1421,10.572927
1422,12.122299
1423,64.10538
1424,97.619286
1425,14.221912
1426,9.724654
1427,109.21382
1428,3.308254
1429,10.691263
1430,20.061512
1431,7.5022
1432,51.556126
1433,3.308254
1434,56.4487
1435,40.437252
1436,38.92658
1437,75.202034
1438,11.746632
1439,10.4324
1440,32.84857
1441,17.777122
1442,55.181858
1443,71.458275
1444,76.51717
1445,65.08813
1446,22.61357
1447,4.4713707
1448,45.732166
1449,11.765695
1450,45.312748
1451,10.793356
1452,8.348268
1453,84.2838
1454,20.421896
1455,12.518386
1456,11.331445
1457,7.258913
1458,39.608654
1459,31.894789
1460,73.198044
1461,10.233502
1462,78.0513
1463,8.098332
1464,48.45576
1465,45.082966
1466,81.6696
1467,10.711038
1468,34.80573
1469,68.93716
1470,22.987646
1471,96.0936
1472,60.97349
1473,83.65535
1474,25.450497
1475,5.7436543
1476,85.92918
1477,39.340347
1478,35.666748
1479,55.19503
1480,7.6214104
1481,66.76807
1482,18.494566
1483,5.3684473
1484,76.76085
1485,65.190475
1486,12.297057
1487,11.316443
1488,46.35177
1489,10.523098
1490,32.5966
1491,10.181933
1492,14.843204
1493,12.6235485
1494,8.122002
1495,17.937292
1496,82.85365
1497,5.609687
1498,71.85895
1499,75.137115
1500,30.748909
1501,3.308254
1502,21.70004
1503,66.332596
1504,8.663731
1505,19.800714
1506,85.95669
1507,60.663425
1508,10.981741
1509,51.716755
1510,21.59636
1511,38.81519
1512,85.92781
1513,10.597875
1514,142.05527
1515,13.861436
1516,15.438822
1517,93.970215
1518,96.29487
1519,45.49289
1520,72.51778
1521,4.3380527
1522,88.84472
1523,3.308254
1524,64.62603
1525,33.561085
1526,15.2537155
1527,52.850662
1528,5.7009068
1529,9.788496
1530,51.796097
1531,33.90318
1532,3.308254
1533,65.29516
1534,12.329895
1535,86.74077
1536,40.883602
1537,65.60155
1538,9.070664
1539,4.0604343
1540,52.326927
1541,21.56561
1542,3.9545841
1543,100.50754
1544,41.898335
1545,47.94237
1546,82.12639
1547,78.260414
1548,8.745774
1549,7.021983
1550,10.783166
1551,12.053357
1552,21.709648
1553,93.27715
1554,21.288448
1555,12.42319
1556,56.233063
1557,12.777047
1558,16.947023
1559,7.953808
1560,76.05577
1561,20.911789
1562,11.838053
1563,56.96123
1564,5.796439
1565,3.6179307
1566,13.304922
1567,18.482128
1568,24.447805
1569,17.98702
1570,11.2519245
1571,67.63465
1572,7.560049
1573,29.18881
1574,10.342986
1575,10.485706
1576,33.157852
1577,10.972954
1578,55.58354
1579,79.289444
1580,3.308254
1581,39.71293
1582,9.411632
1583,9.749707
1584,19.619873
1585,6.0352507
1586,31.781815
1587,121.45096
1588,29.275934
1589,3.308254
1590,7.7853556
1591,13.184059
1592,10.850777
1593,47.241
1594,11.459975
1595,42.81749
1596,37.33332
1597,14.242553
1598,5.819256
1599,42.921486
1600,9.544636
1601,17.631826
1602,91.186615
1603,66.18151
1604,52.22271
1605,16.731508
1606,9.6205635
1607,3.308254
1608,9.615572
1609,17.26377
1610,11.69623
1611,10.675954
1612,14.251248
1613,3.308254
1614,22.37462
1615,10.618482
1616,9.843432
1617,80.656075
1618,74.50535
1619,13.506318
1620,13.313532
1621,35.04889
1622,50.190693
1623,19.511938
1624,23.800146
1625,131.69063
1626,119.03446
1627,8.844846
1628,10.458505
1629,10.833878
1630,6.7875137
1631,68.317085
1632,4.71093
1633,95.54701
1634,7.078081
1635,4.047917
1636,17.498014
1637,46.556324
1638,11.850925
1639,91.19078
1640,57.66679
1641,56.103825
1642,6.931307
1643,11.187519
1644,25.360258
1645,4.977389
1646,6.399993
1647,13.170181
1648,58.980034
1649,7.2038774
1650,3.308254
1651,79.85269
1652,37.92104
1653,10.51076
1654,45.051178
1655,12.559242
1656,11.071206
1657,31.330727
1658,12.3521805
1659,16.282074
1660,73.751396
1661,35.98901
1662,7.914958
1663,3.308254
1664,6.942034
1665,5.4881096
1666,94.685295
1667,70.293304
1668,27.697332
1669,69.18281
1670,135.41583
1671,73.389885
1672,11.74351
1673,33.36101
1674,45.482334
1675,6.1899776
1676,74.70008
1677,44.148758
1678,24.538996
1679,18.87308
1680,8.303111
1681,41.503727
1682,12.381817
1683,90.2998
1684,6.6328564
1685,55.22493
1686,8.83428
1687,40.886253
1688,64.6785
1689,15.586329
1690,5.12432
1691,7.8916025
1692,77.851234
1693,61.36278
1694,6.6291647
1695,37.18342
1696,12.190493
1697,8.637891
1698,9.320198
1699,11.092254
1700,14.026328
1701,10.064525
1702,15.859344
1703,97.887474
1704,12.518405
1705,15.613479
1706,5.9769516
1707,53.68284
1708,15.6917515
1709,10.19155
1710,37.694492
1711,28.550547
1712,41.926586
1713,23.044918
1714,69.48172
1715,45.290607
1716,9.236933
1717,7.9312506
1718,81.31694
1719,3.3430643
1720,91.22823
1721,16.164223
1722,8.961526
1723,87.1546
1724,15.948197
1725,10.927177
1726,3.8423147
1727,11.365335
1728,25.642733
1729,14.264197
1730,151.15553
1731,24.377657
1732,73.21891
1733,12.126878
1734,8.519456
1735,72.25216
1736,73.55877
1737,11.103366
1738,81.3758
1739,12.109408
1740,14.025162
1741,13.236622
1742,40.14638
1743,88.65197
1744,114.558784
1745,50.258488
1746,23.768412
1747,14.925103
1748,20.545092
1749,75.20696
1750,11.062875
1751,53.155678
1752,4.3654523
1753,52.903343
1754,14.393403
1755,54.902393
1756,101.196754
1757,13.713254
1758,7.588546
1759,77.83646
1760,25.22185
1761,10.788311
1762,67.92987
1763,11.821429
1764,12.859205
1765,10.970452
1766,39.105732
1767,7.840478
1768,46.99815
1769,16.901842
1770,249.32419
1771,10.5841055
1772,29.661129
1773,13.459507
1774,9.608674
1775,44.63652
1776,3.308254
1777,53.118923
1778,98.54209
1779,8.95268
1780,27.792799
1781,3.308254
1782,33.887974
1783,3.1446214
1784,55.273445
1785,8.353012
1786,15.729392
1787,83.549774
1788,55.2925
1789,105.793365
1790,11.749993
1791,48.456783
1792,71.600426
1793,54.658867
1794,14.20235
1795,416.23526
1796,34.91926
1797,13.949389
1798,9.845673
1799,5.5755997
1800,14.6790285
1801,6.812477
1802,104.609856
1803,36.023544
1804,11.696966
1805,7.6188383
1806,7.9871264
1807,39.969173
1808,38.41575
1809,11.893655
1810,56.658524
1811,3.308254
1812,10.829579
1813,66.73778
1814,9.753124
1815,12.682275
1816,8.751706
1817,68.822174
1818,28.27007
1819,88.4582
1820,57.51138
1821,47.664143
1822,10.285823
1823,12.496239
1824,69.80499
1825,3.308254
1826,53.457253
1827,29.772161
1828,10.707507
1829,39.124676
1830,10.075502
1831,37.299015
1832,134.40514
1833,75.6908
1834,5.540758
1835,107.40954
1836,49.34323
1837,48.71082
1838,10.80064
1839,11.096259
1840,7.792488
1841,5.7922115
1842,102.98258
1843,115.83884
1844,24.47128
1845,13.991593
1846,48.02401
1847,56.1179
1848,67.94768
1849,3.308254
1850,73.98542
1851,69.835495
1852,105.92006
1853,15.253366
1854,11.143641
1855,10.856855
1856,76.277954
1857,96.00598
1858,25.556837
1859,8.541284
1860,13.362854
1861,9.581624
1862,52.35942
1863,56.34181
1864,11.872051
1865,39.553135
1866,51.257824
1867,17.088013
1868,14.037065
1869,60.49184
1870,40.78248
1871,14.248118
1872,7.380045
1873,18.202578
1874,81.80589
1875,134.70885
1876,35.47704
1877,13.22172
1878,95.91154
1879,233.29112
1880,79.98486
1881,35.928436
1882,41.59534
1883,37.036446
1884,23.54546
1885,13.597524
1886,65.66501
1887,69.723206
1888,11.840926
1889,70.63158
1890,21.119452
1891,20.39368
1892,5.525487
1893,12.968239
1894,81.904076
1895,11.016599
1896,6.3211412
1897,11.810758
1898,37.88428
1899,11.372398
1900,3.308254
1901,79.93773
1902,12.995486
1903,59.51943
1904,17.04219
1905,13.73103
1906,9.181945
1907,14.867009
1908,11.519001
1909,10.813281
1910,84.72949
1911,89.701965
1912,16.586096
1913,10.533093
1914,18.682814
1915,12.8911705
1916,20.603542
1917,25.20752
1918,9.929581
1919,830.48175
1920,56.03485
1921,6.519479
1922,25.761984
1923,65.98072
1924,12.617867
1925,64.919876
1926,12.569447
1927,4.38634
1928,35.27674
1929,5.232015
1930,92.83262
1931,4.068465
1932,5.880988
1933,49.428722
1934,74.50179
1935,12.00138
1936,136.39908
1937,71.98634
1938,128.9154
1939,32.03696
1940,16.630434
1941,59.38116
1942,54.476574
1943,12.725103
1944,5.300619
1945,11.991974
1946,79.538376
1947,4.799017
1948,12.346806
1949,4.3264427
1950,15.997789
1951,36.421524
1952,20.295835
1953,11.863011
1954,9.650171
1955,14.798381
1956,17.684359
1957,12.308556
1958,28.86575
1959,78.84682
1960,18.417019
1961,108.92238
1962,18.87137
1963,9.464737
1964,39.724514
1965,89.81319
1966,86.77135
1967,10.805247
1968,12.301472
1969,10.70314
1970,76.83696
1971,3.308254
1972,84.105705
1973,38.624443
1974,13.255411
1975,9.847891
1976,4.9282217
1977,16.856258
1978,37.81688
1979,14.959256
1980,99.77787
1981,38.219032
1982,4.5507355
1983,58.56786
1984,9.331334
1985,13.992667
1986,4.330703
1987,5.236084
1988,46.3445
1989,48.277645
1990,54.04541
1991,11.313921
1992,23.749754
1993,15.937967
1994,98.10179
1995,77.01657
1996,65.30766
1997,58.193714
1998,67.24195
1999,72.01794
2000,98.01457
2001,9.732254
2002,8.476789
2003,5.960783
2004,64.71267
2005,14.949554
2006,3.308254
2007,11.50972
2008,68.7935
2009,5.8913507
2010,10.206151
2011,68.06412
2012,7.4619207
2013,38.562496
2014,55.59648
2015,25.330267
2016,40.390118
2017,72.41509
2018,3.308254
2019,32.881905
2020,12.576585
2021,74.05109
2022,21.131691
2023,11.129257
2024,28.941345
2025,10.057252
2026,50.86784
2027,11.829922
2028,6.3952007
2029,114.51052
2030,19.167162
2031,19.422455
2032,5.640151
2033,70.83646
2034,109.645386
2035,3.308254
2036,88.38859
2037,17.284672
2038,65.25983
2039,11.007946
2040,41.6866
2041,137.74878
2042,98.87922
2043,79.47505
2044,73.1723
2045,6.996855
2046,9.613345
2047,9.982407
2048,33.91612
2049,51.08466
2050,15.661967
2051,77.68441
2052,15.545259
2053,53.225983
2054,48.514442
2055,10.092246
2056,9.99764
2057,3.3543334
2058,59.121933
2059,8.293199
2060,37.6438
2061,16.345499
2062,36.048645
2063,109.33596
2064,3.308254
2065,51.9887
2066,25.87833
2067,9.554626
2068,62.0142
2069,12.677143
2070,9.69544
2071,17.42277
2072,73.2134
2073,6.439623
2074,84.183784
2075,10.0893755
2076,15.747746
2077,9.471798
2078,41.54992
2079,11.570403
2080,10.669304
2081,14.969589
2082,54.595478
2083,31.942245
2084,51.516144
2085,30.038605
2086,65.19556
2087,8.028364
2088,14.829507
2089,109.773964
2090,89.37594
2091,59.21675
2092,59.9008
2093,96.53646
2094,8.944051
2095,114.09821
2096,33.41291
2097,42.909443
2098,75.13273
2099,28.74205
2100,23.227697
2101,65.259254
2102,7.770672
2103,63.35451
2104,41.40395
2105,9.3685
2106,12.531373
2107,9.077158
2108,14.127007
2109,17.195992
2110,73.85536
2111,17.133959
2112,23.477839
2113,46.93403
2114,11.49776
2115,71.15273
2116,26.336838
2117,73.30622
2118,9.495148
2119,4.499323
2120,14.549137
2121,26.97864
2122,8.852462
2123,50.270523
2124,15.260953
2125,72.5647
2126,56.736996
2127,58.86484
2128,6.937253
2129,10.367701
2130,4.8583827
2131,70.42299
2132,9.467105
2133,26.154238
2134,36.09909
2135,11.170989
2136,24.433437
2137,21.927977
2138,13.263433
2139,86.02526
2140,12.920545
2141,8.9673605
2142,74.569
2143,82.64704
2144,41.610313
2145,41.60277
2146,67.55481
2147,5.2501106
2148,12.579399
2149,41.58493
2150,7.3822145
2151,7.6609173
2152,11.3979225
2153,30.532282
2154,5.126086
2155,26.29642
2156,85.672554
2157,9.266396
2158,8.511119
2159,17.072739
2160,81.08238
2161,30.141619
2162,8.411663
2163,28.512995
2164,64.73818
2165,30.42369
2166,85.88681
2167,5.057399
2168,17.349106
2169,41.61475
2170,73.393326
2171,5.0195847
2172,12.4461355
2173,3.9838037
2174,77.04493
2175,23.29709
2176,17.72707
2177,3.308254
2178,119.03987
2179,61.390858
2180,13.6386
2181,73.7288
2182,17.228119
2183,100.29603
2184,38.002995
2185,48.66595
2186,8.529029
2187,13.679121
2188,62.62743
2189,11.079522
2190,42.54622
2191,9.280232
2192,50.729153
2193,40.697735
2194,15.300185
2195,9.654942
2196,53.125153
2197,10.592614
2198,73.46173
2199,40.68077
2200,5.422431
2201,56.70499
2202,572.4775
2203,9.791081
2204,22.916742
2205,55.26845
2206,5.585061
2207,9.479874
2208,27.34372
2209,29.829714
2210,15.110692
2211,7.0830555
2212,15.99131
2213,21.189465
2214,10.75438
2215,53.391605
2216,22.234324
2217,7.733756
2218,22.444906
2219,91.180534
2220,10.001688
2221,10.147969
2222,10.517012
2223,15.499174
2224,15.98315
2225,6.175418
2226,8.050955
2227,13.380342
2228,52.91349
2229,24.717457
2230,12.594899
2231,3.308254
2232,11.578541
2233,43.923504
2234,63.44898
2235,11.209047
2236,15.305107
2237,11.808507
2238,19.800787
2239,12.785783
2240,8.767701
2241,4.2442837
2242,3.308254
2243,7.5591555
2244,67.906136
2245,6.8888807
2246,8.497172
2247,66.549385
2248,44.182037
2249,48.666172
2250,73.4144
2251,78.8787
2252,62.874977
2253,77.743225
2254,10.965267
2255,95.31738
2256,7.766819
2257,33.07406
2258,8.18649
2259,17.58504
2260,10.059836
2261,62.94593
2262,36.55174
2263,3.308254
2264,4.2547007
2265,8.586979
2266,67.57485
2267,12.805023
2268,45.3661
2269,24.504894
2270,33.60772
2271,68.378716
2272,5.049593
2273,3.308254
2274,7.3636208
2275,29.960268
2276,13.44149
2277,58.241737
2278,8.918759
2279,8.115002
2280,8.492028
2281,3.6179307
2282,54.67702
2283,30.087635
2284,27.868565
2285,9.861634
2286,8.063767
2287,14.5706625
2288,104.01608
2289,51.801914
2290,3.2473783
2291,52.521736
2292,18.173903
2293,66.83125
2294,48.106144
2295,73.104385
2296,81.7121
2297,10.787302
2298,11.031863
2299,12.938049
2300,14.063081
2301,16.97002
2302,48.811222
2303,71.01994
2304,57.153263
2305,23.586151
2306,16.09184
2307,48.35065
2308,3.308254
2309,94.04811
2310,55.47993
2311,9.471956
2312,5.5968876
2313,76.04189
2314,68.21331
2315,23.862232
2316,15.184438
2317,29.617819
2318,63.042847
2319,10.272958
2320,5.026271
2321,6.814912
2322,63.45637
2323,9.462228
2324,45.92599
2325,139.80931
2326,54.19599
2327,12.634904
2328,11.463731
2329,36.023487
2330,46.375385
2331,63.209484
2332,68.73088
2333,68.44598
2334,9.980479
2335,13.296499
2336,27.217253
2337,73.56215
2338,86.79518
2339,7.870304
2340,14.527489
2341,58.051407
2342,16.459728
2343,14.564819
2344,19.81251
2345,18.952354
2346,10.759693
2347,12.79543
2348,7.051672
2349,82.839226
2350,27.194654
2351,9.668955
2352,21.763361
2353,9.448548
2354,6.414157
2355,26.468086
2356,63.549107
2357,14.707796
2358,103.787285
2359,66.334015
2360,7.5903206
2361,40.958706
2362,44.15076
2363,38.930687
2364,50.67849
2365,47.020084
2366,36.010525
2367,84.3263
2368,50.646946
2369,97.18668
2370,11.691173
2371,5.495097
2372,28.282442
2373,11.271949
2374,9.629785
2375,97.784935
2376,76.70156
2377,72.4648
2378,24.465094
2379,10.786435
2380,11.599949
2381,17.93111
2382,4.5963354
2383,73.20565
2384,11.57082
2385,37.838413
2386,79.886024
2387,22.26724
2388,11.125208
2389,11.993271
2390,12.992074
2391,6.281829
2392,9.701478
2393,9.96547
2394,67.84183
2395,17.293802
2396,3.308254
2397,21.568699
2398,92.45398
2399,3.308254
2400,9.253126
2401,3.308254
2402,7.8842354
2403,62.723602
2404,18.858707
2405,118.19565
2406,10.608941
2407,28.753668
2408,61.30882
2409,12.130462
2410,15.331641
2411,13.169041
2412,11.53968
2413,89.39881
2414,8.0371895
2415,34.699776
2416,43.61226
2417,46.171925
2418,8.529112
2419,18.183632
2420,70.19884
2421,33.432617
2422,10.590855
2423,4.4981937
2424,11.0336275
2425,8.224417
2426,11.877586
2427,52.01005
2428,65.15635
2429,12.067517
2430,8.474634
2431,3.308254
2432,33.670876
2433,10.279508
2434,8.1568575
2435,3.308254
2436,21.390562
2437,11.494577
2438,118.20051
2439,90.16279
2440,55.492638
2441,66.91326
2442,81.22451
2443,17.70621
2444,63.970398
2445,25.402811
2446,56.02947
2447,30.60449
2448,9.230145
2449,3.308254
2450,11.109998
2451,29.110216
2452,13.404751
2453,77.7183
2454,8.065457
2455,15.422877
2456,9.111221
2457,102.103226
2458,8.502236
2459,5.84111
2460,25.957674
2461,84.82608
2462,8.644565
2463,61.9767
2464,59.113422
2465,57.81321
2466,44.34692
2467,9.209022
2468,15.168645
2469,18.753254
2470,10.025413
2471,38.720833
2472,38.296734
2473,90.54871
2474,10.585809
2475,12.310775
2476,52.21209
2477,42.432175
2478,14.584199
2479,13.534544
2480,66.77501
2481,68.55273
2482,7.957797
2483,12.41688
2484,12.278214
2485,54.514034
2486,62.643578
2487,12.057645
2488,10.528836
2489,31.920897
2490,122.308945
2491,49.30197
2492,87.44731
2493,49.110462
2494,15.387078
2495,10.70321
2496,12.956947
2497,7.087509
2498,11.919446
2499,55.364834
2500,3.2167144
2501,36.652252
2502,18.938272
2503,3.9545841
2504,8.226395
2505,21.372358
2506,14.24364
2507,28.4113
2508,39.811165
2509,35.027557
2510,26.21609
2511,33.940605
2512,10.491349
2513,14.7884035
2514,26.257113
2515,37.73539
2516,7.4227133
2517,14.550209
2518,22.377209
2519,36.653023
2520,4.5848246
2521,50.706154
2522,115.15281
2523,10.518432
2524,12.550822
2525,27.151133
2526,10.947836
2527,8.161962
2528,4.022337
2529,3.308254
2530,10.478115
2531,3.7978008
2532,20.291376
2533,82.34561
2534,68.140205
2535,13.406636
2536,19.641907
2537,64.882355
2538,12.068722
2539,21.73853
2540,17.744919
2541,57.69028
2542,6.7064285
2543,95.78689
2544,63.76809
2545,12.158921
2546,38.28672
2547,90.82834
2548,11.832965
2549,7.925498
2550,3.308254
2551,64.89107
2552,14.15465
2553,42.791405
2554,56.052597
2555,30.330667
2556,401.85522
2557,11.807183
2558,23.899788
2559,12.254334
2560,25.139376
2561,3.308254
2562,12.30127
2563,75.69789
2564,9.683658
2565,85.06052
2566,11.3912325
2567,111.04569
2568,44.95175
2569,3.308254
2570,44.097775
2571,92.494255
2572,47.68007
2573,58.745667
2574,65.63177
2575,11.986046
2576,11.136632
2577,11.910451
2578,45.83644
2579,28.171726
2580,21.089622
2581,23.098509
2582,8.285082
2583,119.54621
2584,10.323089
2585,27.387173
2586,100.5555
2587,69.83108
2588,11.300292
2589,53.493866
2590,74.27078
2591,34.068813
2592,15.411926
2593,33.92754
2594,78.15283
2595,8.826589
2596,10.939301
2597,66.96562
2598,13.195433
2599,22.661417
2600,13.9587755
2601,4.5934544
2602,54.81494
2603,38.403538
2604,7.634472
2605,49.275276
2606,29.82222
2607,37.111885
2608,4.9924335
2609,74.4702
2610,47.819927
2611,115.156296
2612,3.308254
2613,64.541595
2614,27.78422
2615,8.67253
2616,77.24964
2617,28.18996
2618,9.017836
2619,96.16004
2620,7.803652
2621,17.790758
2622,5.5113907
2623,57.75283
2624,23.374056
2625,60.29725
2626,7.339016
2627,28.549524
2628,10.407201
2629,18.434305
2630,3.308254
2631,72.07349
2632,53.744606
2633,13.952113
2634,82.59
2635,35.274048
2636,8.528259
2637,20.070179
2638,73.364655
2639,60.679504
2640,102.08529
2641,12.823186
2642,12.420312
2643,9.973949
2644,100.09205
2645,16.308813
2646,10.321431
2647,75.45872
2648,8.095585
2649,4.7286954
2650,90.64827
2651,58.380356
2652,15.737589
2653,64.01578
2654,34.99937
2655,13.276195
2656,23.940266
2657,52.941708
2658,9.273593
2659,68.00394
2660,6.865258
2661,7.8989706
2662,6.2933083
2663,98.16299
2664,42.666454
2665,6.362341
2666,87.67809
2667,15.096097
2668,31.18325
2669,31.560247
2670,20.15118
2671,59.452362
2672,106.818535
2673,25.344244
2674,30.285309
2675,42.717964
2676,109.49898
2677,56.185444
2678,86.69505
2679,31.74656
2680,8.216101
2681,86.761444
2682,9.518512
2683,17.56718
2684,70.238304
2685,16.220184
2686,51.71409
2687,29.599436
2688,51.542423
2689,72.31328
2690,46.3201
2691,3.308254
2692,3.4776974
2693,44.778656
2694,8.316143
2695,82.46833
2696,29.375391
2697,8.423969
2698,11.41029
2699,47.389935
2700,20.476555
2701,68.13595
2702,10.912182
2703,19.824112
2704,4.6189184
2705,7.7330046
2706,62.794327
2707,101.14474
2708,5.9061155
2709,59.026688
2710,69.88589
2711,41.967907
2712,71.34874
2713,13.322838
2714,29.697336
2715,42.835434
2716,14.616407
2717,5.8520203
2718,77.548
2719,23.485983
2720,6.553629
2721,32.011246
2722,3.308254
2723,70.69065
2724,16.664461
2725,203.84308
2726,66.27352
2727,51.95163
2728,41.096127
2729,12.3186035
2730,32.81881
2731,63.74448
2732,83.65493
2733,37.14695
2734,20.547995
2735,7.9230614
2736,8.956136
2737,17.261112
2738,28.306255
2739,58.728
2740,74.28152
2741,65.48676
2742,3.308254
2743,23.597435
2744,12.051881
2745,58.10051
2746,12.47739
2747,3.308254
2748,37.29464
2749,3.308254
2750,8.565302
2751,9.536705
2752,8.186572
2753,14.019743
2754,40.476517
2755,59.761295
2756,12.4862795
2757,3.308254
2758,63.243786
2759,64.79708
2760,53.060818
2761,47.528458
2762,14.440348
2763,4.610792
2764,81.53205
2765,17.415806
2766,32.39009
2767,87.080025
2768,5.4551067
2769,12.241305
2770,57.355427
2771,14.62515
2772,10.122748
2773,18.055801
2774,29.906292
2775,10.721252
2776,13.312854
2777,16.994146
2778,8.409209
2779,54.561195
2780,12.33693
2781,10.35949
2782,62.701504
2783,49.66823
2784,62.39185
2785,49.96031
2786,11.845445
2787,11.214077
2788,39.175247
2789,36.344654
2790,60.61201
2791,80.65523
2792,29.600855
2793,11.105988
2794,16.81522
2795,15.71663
2796,40.44485
2797,91.015465
2798,15.567029
2799,14.198219
2800,10.64889
2801,92.047066
2802,25.861534
2803,37.374973
2804,7.1616316
2805,8.341554
2806,8.01462
2807,51.676075
2808,121.33496
2809,6.8614235
2810,22.81542
2811,58.558414
2812,12.085488
2813,8.827091
2814,50.727528
2815,45.108868
2816,15.965759
2817,95.42066
2818,98.89661
2819,52.89452
2820,17.112587
2821,76.80419
2822,77.66177
2823,15.598021
2824,16.33493
2825,5.687461
2826,65.49453
2827,11.377323
2828,12.156437
2829,4.503189
2830,20.135153
2831,10.706953
2832,12.392894
2833,9.693865
2834,78.86509
2835,17.390963
2836,55.74988
2837,47.469173
2838,147.29834
2839,97.268394
2840,10.440416
2841,14.656567
2842,70.40784
2843,65.314285
2844,103.31144
2845,6.4300413
2846,57.752754
2847,87.23149
2848,70.49128
2849,12.252066
2850,85.680954
2851,53.63797
2852,36.306248
2853,20.021679
2854,3.308254
2855,93.702194
2856,34.47481
2857,4.463495
2858,8.006264
2859,122.8685
2860,14.376065
2861,10.853355
2862,6.198415
2863,12.793416
2864,69.89747
2865,10.49995
2866,45.04152
2867,41.203217
2868,67.647964
2869,51.753708
2870,19.567226
2871,3.6057866
2872,100.47764
2873,9.07929
2874,17.132652
2875,38.366096
2876,24.670792
2877,7.2682495
2878,11.296765
2879,124.28009
2880,81.40339
2881,5.0898886
2882,22.986685
2883,97.001495
2884,9.773334
2885,12.574798
2886,38.14233
2887,12.178646
2888,6.807392
2889,13.429043
2890,71.56187
2891,52.318874
2892,34.56833
2893,48.475895
2894,85.47075
2895,17.787575
2896,7.0685673
2897,4.8364515
2898,148.91052
2899,9.291819
2900,13.773501
2901,16.105265
2902,6.461919
2903,13.325624
2904,10.433207
2905,44.52917
2906,3.308254
2907,26.437342
2908,12.891671
2909,66.29132
2910,11.32442
2911,76.22863
2912,6.072942
2913,49.344078
2914,109.10564
2915,10.730606
2916,49.967438
2917,9.251941
2918,6.5365076
2919,17.978674
2920,131.32632
2921,21.531364
2922,109.826454
2923,23.434336
2924,11.048528
2925,6.8902426
2926,98.90471
2927,9.894772
2928,82.255905
2929,39.286404
2930,12.606331
2931,12.853113
2932,11.300084
2933,80.80952
2934,14.838384
2935,15.162377
2936,27.426437
2937,10.062856
2938,77.34971
2939,11.57106
2940,4.465049
2941,6.9295044
2942,63.574352
2943,30.048706
2944,12.23326
2945,52.906544
2946,10.358125
2947,6.1019173
2948,12.899583
2949,11.07439
2950,65.02337
2951,20.289906
2952,82.16879
2953,36.865585
2954,9.772164
2955,52.260338
2956,5.799698
2957,103.04666
2958,35.666588
2959,8.840166
2960,3.308254
2961,93.73345
2962,18.717813
2963,10.078388
2964,5.3212023
2965,3.308254
2966,7.501549
2967,12.587632
2968,15.263485
2969,3.308254
2970,66.00886
2971,12.5610285
2972,24.819359
2973,11.4664955
2974,88.56691
2975,3.308254
2976,14.148928
2977,65.74013
2978,6.8239307
2979,40.39887
2980,83.088715
2981,9.4949255
2982,19.516249
2983,24.176283
2984,75.46409
2985,3.308254
2986,10.067801
2987,52.120003
2988,20.584993
2989,14.327841
2990,81.1556
2991,28.960407
2992,69.432
2993,12.859481
2994,46.458496
2995,9.403051
2996,12.057915
2997,30.121883
2998,57.34529
2999,32.957157
3000,3.308254
3001,33.55176
3002,3.308254
3003,17.194618
3004,9.3279915
3005,6.308811
3006,4.4620624
3007,11.75478
3008,11.434595
3009,46.346687
3010,13.848478
3011,13.169144
3012,18.273556
3013,88.20076
3014,8.507801
3015,10.032701
3016,20.735151
3017,5.2748184
3018,21.286724
3019,10.889463
3020,10.261944
3021,106.08545
3022,78.944374
3023,13.867254
3024,36.264824
3025,14.128146
3026,73.05436
3027,74.89293
3028,25.537603
3029,107.0634
3030,9.73785
3031,10.409466
3032,18.051872
3033,10.964818
3034,75.1345
3035,9.267792
3036,11.846643
3037,9.241268
3038,47.588142
3039,3.308254
3040,19.387917
3041,10.16437
3042,94.159966
3043,49.680595
3044,6.919628
3045,42.84289
3046,4.527421
3047,151.52998
3048,41.156406
3049,50.902752
3050,31.320816
3051,24.994417
3052,14.384867
3053,67.86232
3054,11.490846
3055,24.715887
3056,6.595644
3057,12.694148
3058,13.958992
3059,47.299015
3060,80.793015
3061,23.14589
3062,84.194565
3063,87.08755
3064,35.206585
3065,3.308254
3066,10.280754
3067,12.022692
3068,14.962969
3069,105.096596
3070,10.850595
3071,63.668667
3072,24.843811
3073,65.73209
3074,75.690575
3075,15.862395
3076,11.066757
3077,81.13508
3078,13.500454
3079,10.30771
3080,24.310904
3081,12.511579
3082,12.801482
3083,9.89244
3084,29.881302
3085,16.190903
3086,21.720938
3087,10.902391
3088,81.554436
3089,4.246602
3090,92.29984
3091,8.539881
3092,71.97596
3093,11.15743
3094,34.6388
3095,11.190621
3096,61.526062
3097,41.175827
3098,16.514101
3099,45.860184
3100,13.010493
3101,15.650957
3102,85.46077
3103,59.607212
3104,97.02449
3105,41.9513
3106,36.791245
3107,12.490947
3108,5.1859503
3109,17.35613
3110,65.18007
3111,40.504707
3112,11.869214
3113,23.56466
3114,10.918758
3115,20.5136
3116,10.061927
3117,78.38988
3118,131.50235
3119,36.421524
3120,55.112392
3121,13.56868
3122,17.965004
3123,52.396572
3124,56.072113
3125,26.239916
3126,13.687209
3127,9.816858
3128,69.4706
3129,4.1547356
3130,50.99156
3131,91.72122
3132,6.034958
3133,107.82737
3134,8.173094
3135,36.192265
3136,18.888481
3137,68.071724
3138,42.36788
3139,11.781309
3140,75.52739
3141,56.445194
3142,11.840343
3143,8.944804
3144,24.52608
3145,7.4373436
3146,21.257425
3147,79.76384
3148,61.74551
3149,13.522027
3150,22.864407
3151,4.740346
3152,8.610474
3153,14.180745
3154,10.192517
3155,7.371787
3156,10.179674
3157,19.135752
3158,15.198599
3159,15.282008
3160,19.13908
3161,40.44686
3162,42.07741
3163,24.207447
3164,99.94319
3165,9.680238
3166,36.859802
3167,11.192827
3168,7.904379
3169,7.039112
3170,14.1012535
3171,95.1553
3172,15.416701
3173,47.298794
3174,61.855156
3175,3.308254
3176,15.173807
3177,7.3213253
3178,4.4051332
3179,71.6222
3180,114.12107
3181,37.97269
3182,6.058523
3183,43.763172
3184,37.59164
3185,121.651245
3186,65.24027
3187,70.89558
3188,68.04531
3189,27.947899
3190,42.04971
3191,12.476584
3192,33.38148
3193,138375.69
3194,78.958244
3195,7.5071144
3196,135.02142
3197,15.896349
3198,11.1861925
3199,16.366236
3200,14.927574
3201,37.383335
3202,34.987255
3203,8.376716
3204,62.99187
3205,14.281054
3206,82.36586
3207,10.545179
3208,7.9516172
3209,16.625456
3210,244.06664
3211,32.513817
3212,9.02374
3213,21.714037
3214,14.17451
3215,70.45531
3216,28.347292
3217,59.172585
3218,56.167004
3219,34.54875
3220,8.57855
3221,48.387516
3222,31.185955
3223,63.393993
3224,9.301911
3225,10.58822
3226,52.695606
3227,10.749404
3228,89.029015
3229,40.900192
3230,32.886032
3231,9.418889
3232,4.342019
3233,13.558825
3234,71.81996
3235,104.43621
3236,11.866872
3237,31.431095
3238,11.626092
3239,14.047625
3240,6.460582
3241,74.27692
3242,11.300075
3243,79.44786
3244,4.2460613
3245,71.82646
3246,13.501226
3247,75.22813
3248,42.170433
3249,63.07834
3250,12.383257
3251,9.04403
3252,23.162884
3253,17.716162
3254,5.05281
3255,20.159351
3256,11.7975445
3257,10.036968
3258,14.181539
3259,14.746692
3260,24.250988
3261,73.0032
3262,11.856973
3263,3.308254
3264,70.62197
3265,14.613476
3266,61.275898
3267,10.184069
3268,20.56871
3269,104.63358
3270,52.16414
3271,43.44751
3272,13.411098
3273,92.915764
3274,99.87849
3275,12.011746
3276,10.65814
3277,52.77136
3278,33.575405
3279,54.083363
3280,40.409523
3281,56.388012
3282,5.7313128
3283,9.736114
3284,19.679325
3285,72.39676
3286,17.121431
3287,91.84496
3288,16.056955
3289,12.308318
3290,29.575289
3291,8.674679
3292,50.13645
3293,16.130627
3294,19.363527
3295,95.255066
3296,69.332504
3297,21.73597
3298,11.639653
3299,77.17845
3300,66.521286
3301,13.056147
3302,73.34087
3303,74.60587
3304,67.70251
3305,7.5599546
3306,73.365486
3307,16.347635
3308,12.585709
3309,9.632688
3310,5.4708395
3311,47.054375
3312,70.82974
3313,78.99205
3314,10.941342
3315,74.33614
3316,4.0604343
3317,20.948214
3318,88.829285
3319,102.29764
3320,4.4003353
3321,57.982635
3322,86.81438
3323,92.75538
3324,12.04185
3325,8.867128
3326,66.6774
3327,47.64359
3328,32.396786
3329,28.442644
3330,13.911027
3331,72.999275
3332,41.622444
3333,6.595644
3334,9.053784
3335,63.31332
3336,83.39083
3337,6.5288057
3338,16.690123
3339,67.27295
3340,10.980312
3341,3.308254
3342,5.7681103
3343,10.678007
3344,66.0869
3345,51.42066
3346,11.400173
3347,11.947499
3348,64.357346
3349,16.037544
3350,9.358454
3351,5.495844
3352,13.83602
3353,71.59773
3354,29.197458
3355,154.65547
3356,20.554443
3357,3.308254
3358,72.943
3359,10.086609
3360,52.906933
3361,3.821867
3362,15.654414
3363,9.622905
3364,88.47827
3365,96.793816
3366,7.843564
3367,87.21018
3368,44.753456
3369,117.02186
3370,105.3849
3371,7.220028
3372,7.794114
3373,11.78158
3374,17.991066
3375,19.815828
3376,106.37289
3377,70.31837
3378,15.937276
3379,24.002441
3380,31.291983
3381,66.91584
3382,32.111237
3383,16.120956
3384,39.227676
3385,64.330894
3386,49.062756
3387,9.3387375
3388,39.971962
3389,87.54375
3390,63.395638
3391,8.525778
3392,43.20128
3393,4.6963654
3394,11.632808
3395,13.97503
3396,19.179651
3397,10.288456
3398,34.03701
3399,71.39714
3400,11.229115
3401,16.562563
3402,33.088753
3403,12.927426
3404,14.626614
3405,11.620454
3406,10.870256
3407,11.848335
3408,37.831013
3409,13.26345
3410,17.35437
3411,6.973942
3412,82.02766
3413,23.315485
3414,6.025324
3415,39.576805
3416,58.900986
3417,16.84105
3418,20.259897
3419,60.963577
3420,83.09692
3421,14.623044
3422,35.39942
3423,17.766222
3424,7.7281504
3425,17.663155
3426,11.984239
3427,86.479034
3428,12.349923
3429,4.8802433
3430,11.0574
3431,3.4641943
3432,102.536385
3433,87.28819
3434,89.42984
3435,72.15315
3436,71.37279
3437,26.789587
3438,6.790641
3439,6.1697807
3440,50.47438
3441,26.390848
3442,20.411383
3443,15.008504
3444,12.753176
3445,65.46481
3446,98.714005
3447,77.20799
3448,10.070737
3449,60.32275
3450,61.109295
3451,21.641737
3452,55.989506
3453,14.019645
3454,39.807
3455,36.85061
3456,86.604355
3457,30.163258
3458,30.359829
3459,113.06128
3460,63.231632
3461,7.72451
3462,24.807583
3463,42.042137
3464,9.259638
3465,76.57845
3466,35.924538
3467,13.293645
3468,13.122692
3469,85.3162
3470,77.76893
3471,99.06987
3472,31.789938
3473,17.212029
3474,31.246769
3475,15.169787
3476,63.102993
3477,48.991684
3478,28.240583
3479,41.737225
3480,9.135475
3481,13.130955
3482,150.58633
3483,20.896442
3484,3.308254
3485,11.9191
3486,22.501139
3487,90.5843
3488,13.414677
3489,78.44314
3490,10.641727
3491,57.60889
3492,11.229911
3493,3.308254
3494,17.426855
3495,13.162532
3496,20.691227
3497,8.472753
3498,4.4106507
3499,9.985392
3500,10.087331
3501,30.196695
3502,106.69742
3503,74.98824
3504,12.13632
3505,80.724434
3506,50.466507
3507,102.866455
3508,73.54844
3509,56.890182
3510,50.65385
3511,10.50451
3512,3.308254
3513,57.06415
3514,61.006878
3515,101.43633
3516,12.002616
3517,51.586426
3518,40.787296
3519,7.148616
3520,4.3439226
3521,14.414553
3522,76.20758
3523,14.037759
3524,36.84521
3525,74.88952
3526,65.86145
3527,71.26638
3528,17.055593
3529,49.768307
3530,34.882328
3531,153.10841
3532,10.54682
3533,5.983474
3534,41.23634
3535,14.562221
3536,11.013581
3537,26.036526
3538,23.003508
3539,16.976404
3540,16.193478
3541,55.68566
3542,13.435359
3543,40.94238
3544,48.438076
3545,13.071765
3546,74.51048
3547,40.398403
3548,58.519974
3549,8.506207
3550,53.003994
3551,21.491602
3552,16.423752
3553,14.974084
3554,20.693651
3555,43.61348
3556,35.223225
3557,3.308254
3558,49.712444
3559,12.389706
3560,92.49576
3561,50.388294
3562,70.18644
3563,9.986405
3564,66.845535
3565,68.864204
3566,32.390114
3567,32.602173
3568,77.628685
3569,20.152637
3570,62.714394
3571,108.6875
3572,74.65921
3573,88.275314
3574,13.516135
3575,9.090335
3576,69.887054
3577,14.528266
3578,4.7444983
3579,18.132572
3580,6.9022408
3581,4.3663044
3582,15.2981205
3583,5.644182
3584,5.553893
3585,96.08498
3586,10.631819
3587,3.308254
3588,3.308254
3589,10.307996
3590,59.002552
3591,14.709214
3592,28.008543
3593,9.428054
3594,39.613255
3595,64.43488
3596,74.01959
3597,3.308254
3598,40.33827
3599,8.350351
3600,8.141414
3601,19.518042
3602,7.3108187
3603,25.78594
3604,6.3610563
3605,65.484634
3606,9.2916765
3607,92.64159
3608,6.171916
3609,60.6917
3610,56.11385
3611,63.867863
3612,9.072158
3613,9.082515
3614,73.52757
3615,67.6903
3616,94.439186
3617,3.308254
3618,76.750595
3619,124.80391
3620,22.546331
3621,15.601842
3622,10.4873495
3623,7.890767
3624,6.905301
3625,3.2167144
3626,18.902126
3627,12.887681
3628,19.455112
3629,13.582198
3630,11.924341
3631,64.06754
3632,7.260667
3633,4.1972475
3634,16.452024
3635,3.308254
3636,38.587128
3637,78.62585
3638,61.75491
3639,27.880587
3640,12.632684
3641,13.982141
3642,9.260104
3643,60.604485
3644,76.07826
3645,67.4975
3646,57.816166
3647,17.407663
3648,15.280418
3649,71.34574
3650,82.07798
3651,9.914821
3652,17.70808
3653,67.25026
3654,26.98008
3655,15.592871
3656,94.510185
3657,40.76908
3658,65.06309
3659,25.009192
3660,12.198279
3661,47.999107
3662,94.03686
3663,11.669739
3664,9.33105
3665,83.5029
3666,96.33067
3667,31.658545
3668,44.059654
3669,54.20137
3670,14.802696
3671,81.83165
3672,4.260564
3673,13.649888
3674,43.70425
3675,30.370047
3676,21.310781
3677,8.949633
3678,14.21038
3679,12.03939
3680,3.308254
3681,48.826576
3682,52.913986
3683,14.040574
3684,17.501654
3685,11.878936
3686,11.298575
3687,9.968743
3688,63.58799
3689,5.497054
3690,56.19492
3691,7.349142
3692,14.580978
3693,41.29422
3694,12.926145
3695,13.362768
3696,59.673656
3697,9.7655325
3698,53.273636
3699,75.86264
3700,8.295455
3701,12.828482
3702,75.98063
3703,77.32171
3704,7.180457
3705,11.784216
3706,53.577324
3707,10.116819
3708,11.494777
3709,48.560947
3710,85.361885
3711,49.48302
3712,13.37844
3713,57.04223
3714,31.836542
3715,11.945397
3716,36.497948
3717,76.82091
3718,19.854742
3719,12.896401
3720,3.3979228
3721,27.489038
3722,105.5386
3723,13.656162
3724,12.978018
3725,11.540133
3726,39.372616
3727,11.289155
3728,6.299553
3729,12.718391
3730,64.104294
3731,8.291678
3732,45.776287
3733,55.418377
3734,92.95752
3735,9.533541
3736,38.637726
3737,67.079994
3738,9.872046
3739,6.358059
3740,85.82394
3741,15.125682
3742,19.750399
3743,36.743713
3744,24.184267
3745,54.84787
3746,15.927795
3747,7.7603292
3748,94.33591
3749,14.953226
3750,10.583527
3751,7.1943035
3752,42.5251
3753,7.727453
3754,9.590627
3755,34.684345
3756,67.72916
3757,33.54919
3758,79.75589
3759,68.03488
3760,7.3802586
3761,14.429956
3762,5.352929
3763,131.46732
3764,18.47819
3765,7.799905
3766,19.038534
3767,11.877437
3768,15.869423
3769,55.24537
3770,89.01689
3771,60.88604
3772,27.728724
3773,55.026592
3774,7.169694
3775,4.4245257
3776,29.003145
3777,54.228737
3778,96.13158
3779,44.11423
3780,12.709711
3781,55.615097
3782,12.500459
3783,4.591317
3784,66.903755
3785,22.597082
3786,95.502975
3787,5.911787
3788,81.30881
3789,13.014622
3790,20.331038
3791,36.473175
3792,10.1201935
3793,166.57718
3794,62.48481
3795,53.489773
3796,8.383604
3797,29.819746
3798,7.2068768
3799,14.2316065
3800,83.99798
3801,8.069446
3802,9.778759
3803,3.308254
3804,20.743053
3805,61.951595
3806,7.5080547
3807,48.847878
3808,55.403
3809,3.308254
3810,32.86176
3811,5.8725615
3812,12.31853
3813,15.620037
3814,15.464946
3815,82.754234
3816,10.2400465
3817,53.884586
3818,18.44907
3819,76.62637
3820,48.86915
3821,15.743958
3822,12.325068
3823,24.393911
3824,21.555578
3825,32.24489
3826,114.04521
3827,20.099974
3828,10.525697
3829,54.900234
3830,89.861725
3831,23.213614
3832,15.624393
3833,47.84315
3834,63.958984
3835,15.747235
3836,20.775486
3837,51.183483
3838,10.663868
3839,84.865456
3840,6.1348295
3841,24.68342
3842,3.0889716
3843,26.75569
3844,240.39993
3845,37.29762
3846,86.36265
3847,3.308254
3848,64.86759
3849,4.5453835
3850,101.1517
3851,21.833788
3852,66.96393
3853,15.158226
3854,64.91346
3855,106.219444
3856,64.35193
3857,52.011436
3858,60.80986
3859,11.145378
3860,6.3705425
3861,100.69465
3862,101.04563
3863,63.494644
3864,11.259159
3865,12.9407215
3866,14.119929
3867,38.805225
3868,95.24961
3869,7.8960457
3870,3.308254
3871,66.41794
3872,51.749935
3873,19.837732
3874,8.744439
3875,9.307833
3876,12.360813
3877,23.309483
3878,31.322992
3879,79.76648
3880,29.28569
3881,80.06327
3882,3.308254
3883,102.44865
3884,31.394558
3885,34.723034
3886,11.382933
3887,11.715419
3888,19.008076
3889,13.070566
3890,38.616577
3891,18.667933
3892,11.399957
3893,44.15774
3894,48.655396
3895,10.565475
3896,85.540474
3897,32.297443
3898,64.073425
3899,530.8441
3900,66.75661
3901,35.753384
3902,10.462845
3903,8.938651
3904,15.630723
3905,3.308254
3906,81.183525
3907,81.46875
3908,36.268612
3909,17.57737
3910,34.812935
3911,5.43404
3912,56.7891
3913,14.503293
3914,31.15753
3915,3.6179307
3916,8.401592
3917,13.183124
3918,48.025288
3919,3.308254
3920,7.2812767
3921,93.02177
3922,8.443184
3923,14.937166
3924,6.389558
3925,4.2665863
3926,64.412415
3927,39.21574
3928,89.29829
3929,92.27159
3930,13.082079
3931,10.718321
3932,23.083136
3933,11.705656
3934,79.2012
3935,58.89668
3936,12.228249
3937,24.815453
3938,59.00642
3939,71.27451
3940,54.701782
3941,9.484323
3942,11.7585125
3943,9.525134
3944,28.520458
3945,160.2044
3946,9.919124
3947,8.9706955
3948,47.195538
3949,13.679303
3950,26.168432
3951,7.9460764
3952,63.7596
3953,40.67354
3954,31.70847
3955,68.02321
3956,10.994893
3957,8.566153
3958,18.143911
3959,62.50518
3960,9.60358
3961,57.274242
3962,29.763124
3963,8.19674
3964,25.693012
3965,103.564606
3966,10.036841
3967,68.981186
3968,11.221913
3969,33.23046
3970,3.308254
3971,27.17932
3972,73.29913
3973,42.86658
3974,12.988051
3975,16.130869
3976,29.425396
3977,6.0602016
3978,136.97493
3979,12.894954
3980,75.60609
3981,15.928297
3982,8.992927
3983,82.06458
3984,18.675238
3985,11.213889
3986,54.744617
3987,55.734947
3988,91.73747
3989,34.82525
3990,6.764682
3991,77.10283
3992,14.92529
3993,53.31107
3994,24.257298
3995,38.922474
3996,10.455473
3997,31.207523
3998,76.78955
3999,12.293878
4000,48.91603
4001,75.209404
4002,16.642588
4003,20.919083
4004,51.59377
4005,11.86476
4006,65.005035
4007,11.960863
4008,65.79176
4009,47.17771
4010,103.97847
4011,6.6364107
4012,57.64567
4013,10.561592
4014,10.103915
4015,82.47896
4016,12.822603
4017,8.446775
4018,10.6814375
4019,11.153572
4020,92.34496
4021,3.308254
4022,68.50426
4023,95.25583
4024,66.24782
4025,138.23486
4026,24.711147
4027,9.788991
4028,7.302579
4029,35.470654
4030,38.988163
4031,15.022325
4032,110.22514
4033,3.308254
4034,11.179177
4035,9.595513
4036,14.18088
4037,77.7391
4038,12.191737
4039,23.243256
4040,88.95901
4041,9.437196
4042,55.343784
4043,22.36859
4044,38.13357
4045,47.093445
4046,6.691828
4047,9.478882
4048,33.86578
4049,12.253159
4050,27.72965
4051,13.51817
4052,48.571564
4053,10.848108
4054,22.801105
4055,39.98861
4056,111.41786
4057,42.35245
4058,4.2738132
4059,31.959885
4060,52.212227
4061,9.162922
4062,9.285662
4063,112.48628
4064,8.703986
4065,62.813583
4066,30.48451
4067,16.324575
4068,51.81475
4069,10.44846
4070,7.3930264
4071,13.069379
4072,72.73373
4073,10.602281
4074,45.866493
4075,10.158171
4076,60.025856
4077,12.051024
4078,13.563378
4079,3.308254
4080,3.6179307
4081,31.04123
4082,30.02602
4083,8.101835
4084,84.51592
4085,12.162286
4086,13.258683
4087,20.341951
4088,110.191216
4089,12.982224
4090,10.213398
4091,16.664375
4092,163.64247
4093,71.80025
4094,64.80403
4095,38.07358
4096,44.03433
4097,24.906181
4098,82.31742
4099,33.63142
4100,43.237434
4101,10.933365
4102,40.840054
4103,6.0521727
4104,11.976748
4105,13.201822
4106,8.2692585
4107,27.699253
4108,4.302917
4109,48.99389
4110,21.355774
4111,13.434124
4112,8.294944
4113,8.814553
4114,35.37765
4115,10.000826
4116,66.091606
4117,16.307055
4118,79.29893
4119,74.516045
4120,10.631152
4121,42.48145
4122,12.157846
4123,24.923464
4124,3.308254
4125,66.78598
4126,9.584411
4127,8.244066
4128,28.502089
4129,8.276996
4130,13.346809
4131,98.50612
4132,54.15716
4133,31.925192
4134,11.784326
4135,3.308254
4136,87.56189
4137,100.51553
4138,88.2609
4139,17.877935
4140,9.675984
4141,17.093893
4142,28.364603
4143,11.534338
4144,30.601934
4145,9.989375
4146,4.295657
4147,19.934324
4148,47.188835
4149,7.420697
4150,70.204506
4151,11.133053
4152,6.1833897
4153,32.07809
4154,15.1870575
4155,10.340796
4156,11.109629
4157,87.82229
4158,47.803345
4159,34.337948
4160,62.908146
4161,18.479303
4162,14.428892
4163,11.510399
4164,77.995735
4165,35.94648
4166,82.20526
4167,41.09612
4168,97.97001
4169,48.500584
4170,5.7372093
4171,3.308254
4172,9.807811
4173,7.6735134
4174,28.453215
4175,58.147472
4176,8.645576
4177,12.018766
4178,9.099365
4179,8.26961
4180,48.213417
4181,41.89321
4182,4.092758
4183,25.491913
4184,19.851814
4185,102.31669
4186,28.862867
4187,13.216148
4188,12.649136
4189,91.88325
4190,45.890003
4191,62.594482
4192,10.852305
4193,43.830124
4194,45.282803
4195,11.355481
4196,84.71334
4197,15.226954
4198,8.48117
4199,48.805244
4200,22.819712
4201,11.347455
4202,9.770237
4203,38.10259
4204,49.253036
4205,15.6036005
4206,8.938364
4207,21.880733
4208,19.320269
4209,9.028451
4210,9.207258
4211,14.359784
4212,28.678549
4213,12.146033
4214,67.53598
4215,5.5040274
4216,6.2496567
4217,14.928004
4218,11.037552
4219,8.915069
4220,13.770947
4221,79.02306
4222,167.80478
4223,80.08838
4224,30.5374
4225,9.164896
4226,55.74807
4227,9.251575
4228,82.06639
4229,100.41449
4230,7.37572
4231,52.693787
4232,7.62788
4233,8.338227
4234,5.4515123
4235,50.627712
4236,92.182205
4237,9.103557
4238,87.97937
4239,8.167963
4240,5.472516
4241,74.29607
4242,49.00651
4243,73.34621
4244,17.097916
4245,31.259283
4246,91.58346
4247,11.306342
4248,3.308254
4249,93.95892
4250,27.039778
4251,5.958356
4252,83.53865
4253,49.527164
4254,10.6231785
4255,48.637077
4256,50.34447
4257,46.88457
4258,12.03472
4259,44.78462
4260,11.387441
4261,93.125534
4262,10.464421
4263,7.69394
4264,20.575788
4265,50.698883
4266,63.655693
4267,39.98603
4268,48.51615
4269,9.977825
4270,4.7362776
4271,85.30476
4272,33.636723
4273,12.752469
4274,9.006647
4275,13.558754
4276,72.81865
4277,84.4948
4278,72.854645
4279,3.308254
4280,15.575308
4281,71.838585
4282,111.246
4283,123.69405
4284,45.782494
4285,11.811401
4286,11.671325
4287,72.96507
4288,3.308254
4289,10.823278
4290,15.815647
4291,26.7475
4292,23.298592
4293,28.888966
4294,21.409092
4295,3.308254
4296,3.70956
4297,34.124714
4298,11.728488
4299,33.476486
4300,107.556335
4301,93.544495
4302,39.13271
4303,10.039208
4304,97.56632
4305,18.883307
4306,13.355622
4307,92.76753
4308,80.508156
4309,7.3705864
4310,18.408257
4311,10.743325
4312,14.531667
4313,48.342476
4314,38.136124
4315,23.18503
4316,26.259003
4317,170.6701
4318,73.55756
4319,76.97604
4320,77.73667
4321,10.52918
4322,33.696663
4323,87.087074
4324,9.4634495
4325,6.2021704
4326,10.04273
4327,104.2738
4328,37.589394
4329,25.95065
4330,9.844036
4331,12.187986
4332,38.656937
4333,86.18213
4334,10.095818
4335,8.682527
4336,9.929003
4337,18.165436
4338,3.308254
4339,76.98388
4340,9.139256
4341,11.934741
4342,10.253403
4343,14.88586
4344,166.0232
4345,27.622992
4346,11.371835
4347,86.08783
4348,16.004452
4349,51.780155
4350,38.89082
4351,17.571686
4352,68.47669
4353,71.56406
4354,11.464463
4355,3.308254
4356,51.288784
4357,62.014206
4358,6.7025347
4359,42.925594
4360,26.530859
4361,106.3429
4362,9.326468
4363,82.57795
4364,3.308254
4365,52.09134
4366,6.4724016
4367,85.616776
4368,26.541159
4369,15.30542
4370,8.572148
4371,71.24016
4372,25.775824
4373,11.491023
4374,13.206511
4375,3.8294148
4376,14.156602
4377,71.17525
4378,10.961656
4379,48.259884
4380,84.060394
4381,6.8139343
4382,88.19573
4383,4.0615244
4384,65.44514
4385,14.342037
4386,16.837538
4387,97.66979
4388,49.539673
4389,16.261923
4390,15.19718
4391,63.377464
4392,8.010017
4393,35.972866
4394,20.820148
4395,12.158351
4396,6.3931513
4397,24.157839
4398,14.953017
4399,42.103477
4400,3.308254
4401,20.24894
4402,19.546228
4403,42.726173
4404,55.435947
4405,24.485634
4406,6.055813
4407,15.074849
4408,5.9817944
4409,4.4471836
4410,15.428028
4411,83.295456
4412,83.35859
4413,8.039757
4414,5.597045
4415,10.229654
4416,7.6338234
